Project #10312808:,,,,,
Spearman - ,,,,,
,Commits,Failures,Betweenness Centrality,Closeness Centrality,Degree Centrality
Commits,1,0.882464652,0.617061534,0.539022455,0.896878175
Failures,0.882464652,1,0.699613849,0.667957748,0.958157698
Betweenness Centrality,0.617061534,0.699613849,1,0.770617201,0.767146497
Closeness Centrality,0.539022455,0.667957748,0.770617201,1,0.732652609
Degree Centrality,0.896878175,0.958157698,0.767146497,0.732652609,1
,Commits,Failures,Betweenness Centrality,Closeness Centrality,Degree Centrality
Commits,0,1,1,1,1
Failures,1,0,1,1,1
Betweenness Centrality,1,1,0,1,1
Closeness Centrality,1,1,1,0,1
Degree Centrality,1,1,1,1,0
Precision & Recall - ,,,,,
Threshold,0.25,,,,
0,1,0.4797219,,,
1,0.653409091,0.942622951,,,
2,0.699638118,0.90625,,,
3,0.64947245,0.921797005,,,
4,1,0.490044248,,,
5,0.712672522,0.868501529,,,
6,0.997722096,0.491582492,,,
7,0.688423645,0.892971246,,,
8,0.698372966,0.891373802,,,
9,0.681074766,0.918110236,,,
10,0.71967655,0.795827124,,,
11,0.687573964,0.917851501,,,
12,0.69451074,0.937198068,,,
13,0.703797468,0.855384615,,,
14,0.688971499,0.920529801,,,
15,0.685207101,0.903276131,,,
16,1,0.474413646,,,
17,1,0.486278814,,,
18,0.695652174,0.927899687,,,
19,0.561056106,0.994152047,,,
20,0.683760684,0.922570016,,,
21,0.716643741,0.745350501,,,
22,0.686202686,0.88503937,,,
23,0.689912827,0.899350649,,,
24,0.560638298,0.983208955,,,
25,0.725352113,0.744219653,,,
26,0.724874372,0.847283407,,,
27,1,0.493464052,,,
28,1,0.481900452,,,
29,0.81097561,0.712182062,,,
30,0.692848769,0.91627907,,,
31,0.732254047,0.83286119,,,
32,0.565072303,0.988326848,,,
33,0.576230492,0.979591837,,,
34,0.55441008,0.989775051,,,
35,0.808196721,0.62962963,,,
36,0.710344828,0.893063584,,,
37,0.85395189,0.598074609,,,
38,0.632911392,0.930626058,,,
39,0.863309353,0.576230492,,,
40,0.692857143,0.923809524,,,
41,0.803767661,0.658097686,,,
42,0.731197772,0.738396624,,,
43,0.929118774,0.549886621,,,
44,0.997630332,0.486705202,,,
45,1,0.470862471,,,
46,0.628770302,0.945898778,,,
47,0.772403983,0.725935829,,,
48,0.698067633,0.908805031,,,
49,0.823622047,0.67746114,,,
50,1,0.478211009,,,
51,0.696172249,0.923809524,,,
52,0.699878493,0.933549433,,,
53,0.969094923,0.505760369,,,
54,0.719169719,0.897865854,,,
55,1,0.488864143,,,
56,0.544589774,0.984946237,,,
57,0.611683849,0.958707361,,,
58,0.633754305,0.930860034,,,
59,0.711471611,0.901615272,,,
60,1,0.482834994,,,
61,0.810687023,0.684278351,,,
62,0.718309859,0.891891892,,,
63,0.56300578,0.98582996,,,
64,0.553881808,0.983539095,,,
65,0.703379224,0.889240506,,,
66,0.662383178,0.937190083,,,
67,0.712560386,0.920436817,,,
68,0.674251497,0.936772047,,,
69,1,0.485278081,,,
70,1,0.482683983,,,
71,0.555168409,0.983539095,,,
72,0.74084507,0.773529412,,,
73,0.573046433,0.98828125,,,
74,1,0.470588235,,,
75,0.686926606,0.918711656,,,
76,0.725675676,0.748953975,,,
77,0.721311475,0.754285714,,,
78,0.701734104,0.905970149,,,
79,0.8170347,0.67535854,,,
80,0.560044893,0.992047714,,,
81,0.997722096,0.492134831,,,
82,0.710772834,0.87716763,,,
83,1,0.475760992,,,
84,0.690107271,0.929373997,,,
85,0.55505618,0.98997996,,,
86,0.605051665,0.95992714,,,
87,0.560141509,0.989583333,,,
88,0.734771574,0.855243722,,,
89,0.719169719,0.856104651,,,
90,0.868761553,0.580964153,,,
91,0.773211568,0.675531915,,,
92,0.997727273,0.491601344,,,
93,0.710234279,0.898595944,,,
94,0.727388535,0.832361516,,,
95,0.680437424,0.853658537,,,
96,1,0.484848485,,,
97,0.683014354,0.910685805,,,
98,0.705097087,0.884322679,,,
99,0.711864407,0.91875,,,
Mean,0.753791475,0.790027007,,,
Median,0.711122222,0.887139938,,,
Standard Dev.,0.142540412,0.183876779,,,
-,-,-,-,,
Project #11891655:,,,,,
Spearman - ,,,,,
,Commits,Failures,Betweenness Centrality,Closeness Centrality,Degree Centrality
Commits,1,0.927462184,0.802809785,0.870468712,0.971058091
Failures,0.927462184,1,0.782632359,0.820956016,0.933476174
Betweenness Centrality,0.802809785,0.782632359,1,0.898631656,0.867755431
Closeness Centrality,0.870468712,0.820956016,0.898631656,1,0.926197933
Degree Centrality,0.971058091,0.933476174,0.867755431,0.926197933,1
,Commits,Failures,Betweenness Centrality,Closeness Centrality,Degree Centrality
Commits,0,1,1,1,1
Failures,1,0,1,1,1
Betweenness Centrality,1,1,0,1,1
Closeness Centrality,1,1,1,0,1
Degree Centrality,1,1,1,1,0
Precision & Recall - ,,,,,
Threshold,0.25,,,,
0,0.982269504,0.515828678,,,
1,1,0.491007194,,,
2,0.767494357,0.753880266,,,
3,0.854447439,0.606118547,,,
4,0.76371308,0.770212766,,,
5,0.724,0.832183908,,,
6,0.706214689,0.8640553,,,
7,0.943037975,0.537906137,,,
8,0.778781038,0.737179487,,,
9,0.741106719,0.862068966,,,
10,0.624528302,0.885026738,,,
11,0.767895879,0.772925764,,,
12,0.77826087,0.733606557,,,
13,0.864321608,0.599303136,,,
14,0.612962963,0.873350923,,,
15,0.76,0.796407186,,,
16,0.986754967,0.51826087,,,
17,0.875,0.638834951,,,
18,1,0.489795918,,,
19,1,0.475438596,,,
20,1,0.461937716,,,
21,0.759916493,0.808888889,,,
22,0.802380952,0.674,,,
23,0.906849315,0.578671329,,,
24,1,0.488294314,,,
25,0.869680851,0.624045802,,,
26,0.734774067,0.811279826,,,
27,0.597069597,0.871657754,,,
28,0.996268657,0.489908257,,,
29,0.618951613,0.869688385,,,
30,0.796803653,0.712244898,,,
31,0.803203661,0.73125,,,
32,1,0.479020979,,,
33,1,0.474605954,,,
34,0.793478261,0.774946921,,,
35,0.818396226,0.709611452,,,
36,0.691148776,0.853488372,,,
37,0.757261411,0.758835759,,,
38,0.993197279,0.5,,,
39,0.716242661,0.853146853,,,
40,0.791111111,0.741666667,,,
41,0.72778828,0.859375,,,
42,0.890710383,0.6025878,,,
43,0.9,0.578947368,,,
44,0.827830189,0.709090909,,,
45,0.757049892,0.760348584,,,
46,0.725233645,0.860310421,,,
47,0.762105263,0.766949153,,,
48,1,0.496575342,,,
49,0.82396088,0.705020921,,,
50,0.996677741,0.497512438,,,
51,1,0.488888889,,,
52,0.75,0.814736842,,,
53,0.845144357,0.647887324,,,
54,0.868194842,0.563197026,,,
55,0.773755656,0.72611465,,,
56,0.854748603,0.614457831,,,
57,1,0.474782609,,,
58,0.937106918,0.529307282,,,
59,0.996855346,0.529215359,,,
60,1,0.479646018,,,
61,1,0.490367776,,,
62,0.993055556,0.514388489,,,
63,0.648288973,0.867684478,,,
64,0.797040169,0.766260163,,,
65,1,0.485856905,,,
66,1,0.482173175,,,
67,0.745283019,0.877777778,,,
68,0.773359841,0.807053942,,,
69,0.756578947,0.775280899,,,
70,0.774900398,0.782696177,,,
71,0.722113503,0.840546697,,,
72,0.735483871,0.81042654,,,
73,0.996402878,0.487676056,,,
74,0.897360704,0.589595376,,,
75,1,0.496688742,,,
76,1,0.485815603,,,
77,0.887052342,0.58974359,,,
78,0.63003663,0.87755102,,,
79,1,0.473967684,,,
80,1,0.484375,,,
81,1,0.475128645,,,
82,1,0.483443709,,,
83,0.776785714,0.720496894,,,
84,1,0.477192982,,,
85,0.993103448,0.503496503,,,
86,0.951456311,0.533575318,,,
87,1,0.491467577,,,
88,0.598455598,0.865921788,,,
89,0.820454545,0.726358149,,,
90,0.767295597,0.806167401,,,
91,1,0.481355932,,,
92,0.996632997,0.507718696,,,
93,0.615841584,0.842818428,,,
94,0.883597884,0.621973929,,,
95,0.885416667,0.610412926,,,
96,0.8,0.712550607,,,
97,1,0.493265993,,,
98,0.774403471,0.779475983,,,
99,0.82195122,0.707983193,,,
Mean,0.854570378,0.655522645,,,
Median,0.849795898,0.643361138,,,
Standard Dev.,0.12477278,0.146257117,,,
-,-,-,-,,
Project #12677313:,,,,,
Spearman - ,,,,,
,Commits,Failures,Betweenness Centrality,Closeness Centrality,Degree Centrality
Commits,1,0.903862082,0.237490194,-0.417521814,0.789097237
Failures,0.903862082,1,0.212223949,-0.344737048,0.747677915
Betweenness Centrality,0.237490194,0.212223949,1,0.567098916,0.599167562
Closeness Centrality,-0.417521814,-0.344737048,0.567098916,1,0.14100133
Degree Centrality,0.789097237,0.747677915,0.599167562,0.14100133,1
,Commits,Failures,Betweenness Centrality,Closeness Centrality,Degree Centrality
Commits,0,1,1,1,1
Failures,1,0,1,1,1
Betweenness Centrality,1,1,0,1,1
Closeness Centrality,1,1,1,0,1
Degree Centrality,1,1,1,1,0
Precision & Recall - ,,,,,
Threshold,0.25,,,,
0,1,0.50024667,,,
1,1,0.516690856,,,
2,1,0.517224409,,,
3,1,0.512971121,,,
4,1,0.50146771,,,
5,1,0.50123335,,,
6,1,0.504926108,,,
7,1,0.50192123,,,
8,1,0.490427099,,,
9,1,0.497487437,,,
10,1,0.494711538,,,
11,1,0.514401213,,,
12,1,0.476566354,,,
13,1,0.50647482,,,
14,1,0.487591241,,,
15,1,0.486810552,,,
16,1,0.504210005,,,
17,1,0.502211302,,,
18,1,0.508245877,,,
19,1,0.522189349,,,
20,1,0.496761335,,,
21,1,0.483805668,,,
22,1,0.493641074,,,
23,1,0.505231689,,,
24,1,0.506178942,,,
25,1,0.499498495,,,
26,1,0.494905386,,,
27,1,0.51001001,,,
28,1,0.512692882,,,
29,1,0.509940358,,,
30,1,0.50625,,,
31,1,0.492255566,,,
32,1,0.501546392,,,
33,1,0.508108108,,,
34,1,0.496938776,,,
35,1,0.518043685,,,
36,1,0.505174963,,,
37,1,0.511177347,,,
38,1,0.517670483,,,
39,1,0.502422481,,,
40,1,0.501011122,,,
41,1,0.48427359,,,
42,1,0.502174964,,,
43,1,0.511,,,
44,1,0.509699321,,,
45,1,0.497775581,,,
46,1,0.511431412,,,
47,1,0.519723866,,,
48,1,0.505735661,,,
49,1,0.496011964,,,
50,1,0.508401344,,,
51,1,0.492673067,,,
52,1,0.498021761,,,
53,1,0.512858556,,,
54,1,0.500751127,,,
55,1,0.484863524,,,
56,1,0.487864078,,,
57,1,0.498285154,,,
58,1,0.508072654,,,
59,1,0.490338164,,,
60,1,0.498271605,,,
61,1,0.508704062,,,
62,1,0.493339911,,,
63,1,0.507153429,,,
64,1,0.5,,,
65,1,0.484833659,,,
66,1,0.517570281,,,
67,1,0.512557663,,,
68,1,0.513326752,,,
69,1,0.49261811,,,
70,1,0.491989664,,,
71,1,0.507132317,,,
72,1,0.484714004,,,
73,1,0.493398533,,,
74,1,0.495934959,,,
75,1,0.487294469,,,
76,1,0.510204082,,,
77,1,0.500483092,,,
78,1,0.482352941,,,
79,1,0.486144871,,,
80,1,0.493430657,,,
81,1,0.507951807,,,
82,1,0.504849413,,,
83,1,0.496836983,,,
84,1,0.499747092,,,
85,1,0.506849315,,,
86,1,0.501256913,,,
87,1,0.507549927,,,
88,1,0.490909091,,,
89,1,0.497070313,,,
90,1,0.510361446,,,
91,1,0.494934877,,,
92,1,0.49745935,,,
93,1,0.493306891,,,
94,1,0.50321305,,,
95,1,0.488158531,,,
96,1,0.500245942,,,
97,1,0.505139501,,,
98,1,0.514478764,,,
99,1,0.497810219,,,
Mean,1,0.501208133,,,
Median,1,0.501245131,,,
Standard Dev.,0,0.009675687,,,
-,-,-,-,,
Project #1272129:,,,,,
Spearman - ,,,,,
,Commits,Failures,Betweenness Centrality,Closeness Centrality,Degree Centrality
Commits,1,0.679571202,0.25255533,-0.281279748,0.736766511
Failures,0.679571202,1,0.096033158,-0.133368885,0.528763205
Betweenness Centrality,0.25255533,0.096033158,1,0.614537608,0.676335181
Closeness Centrality,-0.281279748,-0.133368885,0.614537608,1,0.331930108
Degree Centrality,0.736766511,0.528763205,0.676335181,0.331930108,1
,Commits,Failures,Betweenness Centrality,Closeness Centrality,Degree Centrality
Commits,0,1,1,1,1
Failures,1,0,1,1,1
Betweenness Centrality,1,1,0,1,1
Closeness Centrality,1,1,1,0,1
Degree Centrality,1,1,1,1,0
Precision & Recall - ,,,,,
Threshold,0.25,,,,
0,1,0.5351418,,,
1,1,0.5346651,,,
2,1,0.525277435,,,
3,1,0.523640662,,,
4,1,0.544785276,,,
5,1,0.545018007,,,
6,1,0.507211538,,,
7,1,0.522924411,,,
8,1,0.525030525,,,
9,1,0.526251526,,,
10,1,0.52862363,,,
11,1,0.502463054,,,
12,1,0.54589372,,,
13,1,0.54009434,,,
14,1,0.539622642,,,
15,1,0.511335013,,,
16,1,0.523114355,,,
17,1,0.530193237,,,
18,1,0.546153846,,,
19,1,0.534526854,,,
20,1,0.544675643,,,
21,1,0.528061224,,,
22,1,0.544135429,,,
23,1,0.536196319,,,
24,1,0.549140049,,,
25,1,0.526641884,,,
26,1,0.539540816,,,
27,1,0.508365508,,,
28,1,0.519950125,,,
29,1,0.538283063,,,
30,1,0.535055351,,,
31,1,0.545454545,,,
32,1,0.529411765,,,
33,1,0.539130435,,,
34,1,0.55811138,,,
35,1,0.537579618,,,
36,1,0.529411765,,,
37,1,0.519900498,,,
38,1,0.543558282,,,
39,1,0.527251185,,,
40,1,0.530510585,,,
41,1,0.530048077,,,
42,1,0.53437877,,,
43,1,0.522370012,,,
44,1,0.539759036,,,
45,1,0.528178244,,,
46,1,0.538095238,,,
47,1,0.5302267,,,
48,1,0.568674699,,,
49,1,0.536945813,,,
50,1,0.525277435,,,
51,1,0.548302872,,,
52,1,0.531325301,,,
53,1,0.525465839,,,
54,1,0.530984204,,,
55,1,0.530663329,,,
56,1,0.545676005,,,
57,1,0.528061224,,,
58,1,0.540372671,,,
59,1,0.542645241,,,
60,1,0.53649635,,,
61,1,0.526378897,,,
62,1,0.539540816,,,
63,1,0.519607843,,,
64,1,0.522670025,,,
65,1,0.54589372,,,
66,1,0.527577938,,,
67,1,0.546454768,,,
68,1,0.525672372,,,
69,1,0.551682692,,,
70,1,0.524223602,,,
71,1,0.525402726,,,
72,1,0.531486146,,,
73,1,0.540441176,,,
74,1,0.52955665,,,
75,1,0.546353523,,,
76,1,0.545682103,,,
77,1,0.546125461,,,
78,1,0.541371158,,,
79,1,0.530712531,,,
80,1,0.519399249,,,
81,1,0.533255543,,,
82,1,0.533807829,,,
83,1,0.529860229,,,
84,1,0.536069652,,,
85,1,0.518044237,,,
86,1,0.514723204,,,
87,1,0.541044776,,,
88,1,0.52496799,,,
89,1,0.520334928,,,
90,1,0.53968254,,,
91,1,0.528301887,,,
92,1,0.512978986,,,
93,1,0.525510204,,,
94,1,0.553030303,,,
95,1,0.517156863,,,
96,1,0.505333333,,,
97,1,0.535626536,,,
98,1,0.507246377,,,
99,1,0.544457978,,,
Mean,1,0.532439463,,,
Median,1,0.531154753,,,
Standard Dev.,0,0.011825766,,,
-,-,-,-,,
Project #1962219:,,,,,
Spearman - ,,,,,
,Commits,Failures,Betweenness Centrality,Closeness Centrality,Degree Centrality
Commits,1,0.748742564,0.498994904,0.118674665,0.897298364
Failures,0.748742564,1,0.558230573,0.230013344,0.7283875
Betweenness Centrality,0.498994904,0.558230573,1,0.592858934,0.699873007
Closeness Centrality,0.118674665,0.230013344,0.592858934,1,0.421218044
Degree Centrality,0.897298364,0.7283875,0.699873007,0.421218044,1
,Commits,Failures,Betweenness Centrality,Closeness Centrality,Degree Centrality
Commits,0,1,1,1,1
Failures,1,0,1,1,1
Betweenness Centrality,1,1,0,1,1
Closeness Centrality,1,1,1,0,1
Degree Centrality,1,1,1,1,0
Precision & Recall - ,,,,,
Threshold,0.25,,,,
0,1,0.5990058,,,
1,1,0.592351505,,,
2,1,0.609076433,,,
3,1,0.632376396,,,
4,1,0.614320586,,,
5,1,0.608221477,,,
6,1,0.600826446,,,
7,1,0.624801272,,,
8,1,0.60918614,,,
9,1,0.623344371,,,
10,1,0.608196721,,,
11,1,0.628361858,,,
12,1,0.603392569,,,
13,1,0.61557377,,,
14,1,0.60234375,,,
15,1,0.614262561,,,
16,1,0.609083536,,,
17,1,0.608380338,,,
18,1,0.622521808,,,
19,1,0.633550489,,,
20,1,0.601255887,,,
21,1,0.604422604,,,
22,1,0.620347395,,,
23,1,0.621821165,,,
24,1,0.631993696,,,
25,1,0.605028386,,,
26,1,0.595829992,,,
27,1,0.610837438,,,
28,1,0.624496374,,,
29,1,0.609298532,,,
30,1,0.607605178,,,
31,1,0.60708402,,,
32,1,0.614722005,,,
33,1,0.6,,,
34,1,0.609477124,,,
35,1,0.607431341,,,
36,1,0.621070518,,,
37,1,0.620080321,,,
38,1,0.589533933,,,
39,1,0.619476268,,,
40,1,0.596546311,,,
41,1,0.637873754,,,
42,1,0.612364244,,,
43,1,0.610849057,,,
44,1,0.590381426,,,
45,1,0.612794613,,,
46,1,0.601351351,,,
47,1,0.590800952,,,
48,1,0.621422731,,,
49,1,0.615801704,,,
50,1,0.601587302,,,
51,1,0.613675214,,,
52,1,0.602638087,,,
53,1,0.606338616,,,
54,1,0.616747182,,,
55,1,0.618965517,,,
56,1,0.620377979,,,
57,1,0.620363062,,,
58,1,0.615015974,,,
59,1,0.606969206,,,
60,1,0.618734593,,,
61,1,0.64043082,,,
62,1,0.601281025,,,
63,1,0.606544294,,,
64,1,0.605481728,,,
65,1,0.637254902,,,
66,1,0.601859679,,,
67,1,0.605042017,,,
68,1,0.594965675,,,
69,1,0.622239748,,,
70,1,0.620242915,,,
71,1,0.617313916,,,
72,1,0.613322502,,,
73,1,0.611658456,,,
74,1,0.595967742,,,
75,1,0.608801956,,,
76,1,0.6216,,,
77,1,0.618862042,,,
78,1,0.622937294,,,
79,1,0.61001642,,,
80,1,0.611111111,,,
81,1,0.617912901,,,
82,1,0.614107884,,,
83,1,0.60851419,,,
84,1,0.600633914,,,
85,1,0.627174814,,,
86,1,0.60589172,,,
87,1,0.626122449,,,
88,1,0.621351126,,,
89,1,0.612903226,,,
90,1,0.618464052,,,
91,1,0.609298532,,,
92,1,0.622093023,,,
93,1,0.626865672,,,
94,1,0.600682594,,,
95,1,0.6159601,,,
96,1,0.616,,,
97,1,0.603927987,,,
98,1,0.614947197,,,
99,1,0.616129032,,,
Mean,1,0.612585035,,,
Median,1,0.612579428,,,
Standard Dev.,0,0.010697959,,,
-,-,-,-,,
Project #1979797:,,,,,
Spearman - ,,,,,
,Commits,Failures,Betweenness Centrality,Closeness Centrality,Degree Centrality
Commits,1,0.867552468,0.576504702,0.438835194,0.852383501
Failures,0.867552468,1,0.534855253,0.344506139,0.746986743
Betweenness Centrality,0.576504702,0.534855253,1,0.759437257,0.755832746
Closeness Centrality,0.438835194,0.344506139,0.759437257,1,0.667979942
Degree Centrality,0.852383501,0.746986743,0.755832746,0.667979942,1
,Commits,Failures,Betweenness Centrality,Closeness Centrality,Degree Centrality
Commits,0,1,1,1,1
Failures,1,0,1,1,1
Betweenness Centrality,1,1,0,1,1
Closeness Centrality,1,1,1,0,1
Degree Centrality,1,1,1,1,0
Precision & Recall - ,,,,,
Threshold,0.25,,,,
0,0.657706093,0.807480748,,,
1,1,0.508283133,,,
2,0.998491704,0.514774495,,,
3,1,0.498449612,,,
4,1,0.496165644,,,
5,1,0.509534706,,,
6,0.998468606,0.512578616,,,
7,1,0.49765625,,,
8,1,0.510235027,,,
9,0.621576763,0.913414634,,,
10,1,0.506955178,,,
11,1,0.501547988,,,
12,0.59057072,0.923673997,,,
13,0.56501182,0.953457447,,,
14,1,0.491486068,,,
15,1,0.506818182,,,
16,1,0.506553585,,,
17,0.585106383,0.914322251,,,
18,1,0.5,,,
19,1,0.507865169,,,
20,0.728470111,0.670708955,,,
21,1,0.512996942,,,
22,1,0.4996115,,,
23,1,0.505034857,,,
24,0.631299735,0.801346801,,,
25,1,0.503053435,,,
26,1,0.508320726,,,
27,1,0.495426829,,,
28,0.73125,0.675649663,,,
29,1,0.494456763,,,
30,1,0.509063444,,,
31,1,0.498459168,,,
32,1,0.507429421,,,
33,0.913098237,0.574030087,,,
34,0.986013986,0.530474041,,,
35,1,0.480179506,,,
36,1,0.501169135,,,
37,1,0.508661417,,,
38,1,0.506389776,,,
39,1,0.503869969,,,
40,1,0.505494505,,,
41,1,0.502358491,,,
42,1,0.485225505,,,
43,1,0.496194825,,,
44,1,0.508058327,,,
45,0.877990431,0.611666667,,,
46,0.989855072,0.521374046,,,
47,0.877647059,0.619087137,,,
48,1,0.508184524,,,
49,0.978112175,0.552123552,,,
50,0.623883022,0.897196262,,,
51,1,0.494462025,,,
52,1,0.508785332,,,
53,1,0.510505837,,,
54,0.987987988,0.525979217,,,
55,1,0.481936972,,,
56,1,0.499229584,,,
57,1,0.502314815,,,
58,0.897856242,0.567783094,,,
59,0.625198098,0.901714286,,,
60,1,0.505098039,,,
61,0.685185185,0.712981744,,,
62,0.714439655,0.648093842,,,
63,0.714587738,0.691206544,,,
64,0.56809025,0.941255007,,,
65,1,0.502758077,,,
66,1,0.500759878,,,
67,0.895362663,0.620263591,,,
68,1,0.499597099,,,
69,1,0.500371195,,,
70,0.611065235,0.895883777,,,
71,1,0.489591365,,,
72,1,0.502698535,,,
73,1,0.502723735,,,
74,1,0.5046875,,,
75,1,0.505451713,,,
76,1,0.511284047,,,
77,0.586656442,0.929526124,,,
78,1,0.501855976,,,
79,1,0.510526316,,,
80,1,0.507936508,,,
81,1,0.505782575,,,
82,1,0.505755948,,,
83,1,0.5,,,
84,0.998505232,0.518231187,,,
85,1,0.495739737,,,
86,1,0.511266511,,,
87,1,0.499233129,,,
88,1,0.505287009,,,
89,0.58340249,0.917754569,,,
90,1,0.504306969,,,
91,0.581265012,0.917825537,,,
92,1,0.498447205,,,
93,1,0.491255962,,,
94,1,0.486259542,,,
95,1,0.502677888,,,
96,1,0.505694761,,,
97,0.738445378,0.672727273,,,
98,1,0.498118886,,,
99,0.696793003,0.727918782,,,
Mean,0.922393925,0.573160943,,,
Median,1,0.50688668,,,
Standard Dev.,0.145319498,0.13809119,,,
-,-,-,-,,
Project #213469:,,,,,
Spearman - ,,,,,
,Commits,Failures,Betweenness Centrality,Closeness Centrality,Degree Centrality
Commits,1,0.530463841,0.419432278,-0.824211168,0.561944233
Failures,0.530463841,1,0.572913094,-0.242437527,0.772077864
Betweenness Centrality,0.419432278,0.572913094,1,-0.098407783,0.796272284
Closeness Centrality,-0.824211168,-0.242437527,-0.098407783,1,-0.21148668
Degree Centrality,0.561944233,0.772077864,0.796272284,-0.21148668,1
,Commits,Failures,Betweenness Centrality,Closeness Centrality,Degree Centrality
Commits,0,1,1,1,1
Failures,1,0,1,1,1
Betweenness Centrality,1,1,0,1,1
Closeness Centrality,1,1,1,0,1
Degree Centrality,1,1,1,1,0
Precision & Recall - ,,,,,
Threshold,0.25,,,,
0,1,0.886723508,,,
1,1,0.900912647,,,
2,1,0.887287025,,,
3,1,0.896688742,,,
4,1,0.891927083,,,
5,1,0.885954382,,,
6,1,0.883963494,,,
7,1,0.898832685,,,
8,1,0.876344086,,,
9,1,0.898368883,,,
10,1,0.900503778,,,
11,1,0.888746803,,,
12,1,0.898550725,,,
13,1,0.888311688,,,
14,1,0.893670886,,,
15,1,0.896551724,,,
16,1,0.890306122,,,
17,1,0.889162562,,,
18,1,0.881226054,,,
19,1,0.908616188,,,
20,1,0.915322581,,,
21,1,0.891332471,,,
22,1,0.88173456,,,
23,1,0.87593985,,,
24,1,0.89003881,,,
25,1,0.889753567,,,
26,1,0.891752577,,,
27,1,0.903896104,,,
28,1,0.897001304,,,
29,1,0.889862328,,,
30,1,0.886024423,,,
31,1,0.90482399,,,
32,1,0.900636943,,,
33,1,0.891472868,,,
34,1,0.884184309,,,
35,1,0.910353535,,,
36,1,0.893617021,,,
37,1,0.896325459,,,
38,1,0.874352332,,,
39,1,0.903743316,,,
40,1,0.90148448,,,
41,1,0.905183312,,,
42,1,0.887287025,,,
43,1,0.899509804,,,
44,1,0.889171975,,,
45,1,0.88962766,,,
46,1,0.887076537,,,
47,1,0.894941634,,,
48,1,0.886515354,,,
49,1,0.885786802,,,
50,1,0.884662577,,,
51,1,0.886451613,,,
52,1,0.890818859,,,
53,1,0.886029412,,,
54,1,0.890645586,,,
55,1,0.88874842,,,
56,1,0.88776797,,,
57,1,0.896984925,,,
58,1,0.903508772,,,
59,1,0.907630522,,,
60,1,0.881971466,,,
61,1,0.888324873,,,
62,1,0.896020539,,,
63,1,0.883597884,,,
64,1,0.888601036,,,
65,1,0.903520209,,,
66,1,0.910891089,,,
67,1,0.894393742,,,
68,1,0.896103896,,,
69,1,0.894478528,,,
70,1,0.880559085,,,
71,1,0.907096774,,,
72,1,0.880364109,,,
73,1,0.880835381,,,
74,1,0.9,,,
75,1,0.899094437,,,
76,1,0.890025575,,,
77,1,0.896333755,,,
78,1,0.879470199,,,
79,1,0.891677675,,,
80,1,0.896325459,,,
81,1,0.899497487,,,
82,1,0.899106003,,,
83,1,0.893280632,,,
84,1,0.895541401,,,
85,1,0.885862516,,,
86,1,0.885290148,,,
87,1,0.901477833,,,
88,1,0.880319149,,,
89,1,0.891332471,,,
90,1,0.897668394,,,
91,1,0.882653061,,,
92,1,0.895320197,,,
93,1,0.902245707,,,
94,1,0.898457584,,,
95,1,0.88703466,,,
96,1,0.899752475,,,
97,1,0.910761155,,,
98,1,0.895806861,,,
99,1,0.891687657,,,
Mean,1,0.892974318,,,
Median,1,0.891720117,,,
Standard Dev.,0,0.0084804,,,
-,-,-,-,,
Project #2340549:,,,,,
Spearman - ,,,,,
,Commits,Failures,Betweenness Centrality,Closeness Centrality,Degree Centrality
Commits,1,0.875927526,0.391898962,0.20573135,0.910192401
Failures,0.875927526,1,0.352782508,0.137156682,0.783104973
Betweenness Centrality,0.391898962,0.352782508,1,0.73781952,0.631670458
Closeness Centrality,0.20573135,0.137156682,0.73781952,1,0.472299789
Degree Centrality,0.910192401,0.783104973,0.631670458,0.472299789,1
,Commits,Failures,Betweenness Centrality,Closeness Centrality,Degree Centrality
Commits,0,1,1,1,1
Failures,1,0,1,1,1
Betweenness Centrality,1,1,0,1,1
Closeness Centrality,1,1,1,0,1
Degree Centrality,1,1,1,1,0
Precision & Recall - ,,,,,
Threshold,0.25,,,,
0,1,0.488627451,,,
1,1,0.516556291,,,
2,1,0.538146021,,,
3,1,0.511254019,,,
4,1,0.524086379,,,
5,1,0.496644295,,,
6,1,0.518838305,,,
7,1,0.517637408,,,
8,1,0.503591381,,,
9,1,0.517355372,,,
10,1,0.513179572,,,
11,1,0.524081633,,,
12,1,0.49202351,,,
13,1,0.52640264,,,
14,1,0.508403361,,,
15,1,0.513400335,,,
16,1,0.528239203,,,
17,1,0.517901749,,,
18,1,0.521360759,,,
19,1,0.518204911,,,
20,1,0.51390059,,,
21,1,0.503436426,,,
22,1,0.50867052,,,
23,1,0.506339144,,,
24,1,0.501644737,,,
25,1,0.493061224,,,
26,1,0.517387617,,,
27,1,0.538131962,,,
28,1,0.502124044,,,
29,1,0.535153019,,,
30,1,0.54233026,,,
31,1,0.509243697,,,
32,1,0.527663088,,,
33,1,0.512779553,,,
34,1,0.536466775,,,
35,1,0.512711864,,,
36,1,0.519607843,,,
37,1,0.513360324,,,
38,1,0.506255213,,,
39,1,0.52213868,,,
40,1,0.499183007,,,
41,1,0.508757962,,,
42,1,0.520481928,,,
43,1,0.509243697,,,
44,1,0.508488278,,,
45,1,0.531451613,,,
46,1,0.531932094,,,
47,1,0.511259383,,,
48,1,0.534982935,,,
49,1,0.519166667,,,
50,1,0.505067568,,,
51,1,0.512113617,,,
52,1,0.524839744,,,
53,1,0.502834008,,,
54,1,0.521986971,,,
55,1,0.502923977,,,
56,1,0.515226337,,,
57,1,0.507704785,,,
58,1,0.512905912,,,
59,1,0.507989907,,,
60,1,0.518010292,,,
61,1,0.531509121,,,
62,1,0.5168,,,
63,1,0.499580185,,,
64,1,0.50382328,,,
65,1,0.510603589,,,
66,1,0.519599666,,,
67,1,0.511382114,,,
68,1,0.523450586,,,
69,1,0.52434158,,,
70,1,0.514119601,,,
71,1,0.506289308,,,
72,1,0.509543568,,,
73,1,0.521963824,,,
74,1,0.511297071,,,
75,1,0.529508197,,,
76,1,0.514868309,,,
77,1,0.506546645,,,
78,1,0.520915549,,,
79,1,0.513625103,,,
80,1,0.489711934,,,
81,1,0.527118644,,,
82,1,0.541322314,,,
83,1,0.515970516,,,
84,1,0.513469388,,,
85,1,0.517271157,,,
86,1,0.517241379,,,
87,1,0.517676768,,,
88,1,0.529411765,,,
89,1,0.515833333,,,
90,1,0.522277228,,,
91,1,0.536073826,,,
92,1,0.501577287,,,
93,1,0.512174643,,,
94,1,0.504460665,,,
95,1,0.518488085,,,
96,1,0.507593925,,,
97,1,0.511290323,,,
98,1,0.514385353,,,
99,1,0.513338723,,,
Mean,1,0.515413464,,,
Median,1,0.514252477,,,
Standard Dev.,0,0.011186494,,,
-,-,-,-,,
Project #2813589:,,,,,
Spearman - ,,,,,
,Commits,Failures,Betweenness Centrality,Closeness Centrality,Degree Centrality
Commits,1,0.806919885,0.647600099,0.365424326,0.920818354
Failures,0.806919885,1,0.5231841,0.314527447,0.777602154
Betweenness Centrality,0.647600099,0.5231841,1,0.607637303,0.794984021
Closeness Centrality,0.365424326,0.314527447,0.607637303,1,0.637411349
Degree Centrality,0.920818354,0.777602154,0.794984021,0.637411349,1
,Commits,Failures,Betweenness Centrality,Closeness Centrality,Degree Centrality
Commits,0,1,1,1,1
Failures,1,0,1,1,0
Betweenness Centrality,1,1,0,1,1
Closeness Centrality,1,1,1,0,1
Degree Centrality,1,0,1,1,0
Precision & Recall - ,,,,,
Threshold,0.25,,,,
0,1,0.636363636,,,
1,1,0.654965753,,,
2,1,0.631175468,,,
3,1,0.656666667,,,
4,1,0.648342059,,,
5,1,0.637681159,,,
6,1,0.628990509,,,
7,1,0.671029668,,,
8,1,0.650862069,,,
9,1,0.651321398,,,
10,1,0.642599278,,,
11,1,0.66427932,,,
12,1,0.633191489,,,
13,1,0.651579846,,,
14,1,0.64645602,,,
15,1,0.643485915,,,
16,1,0.647512864,,,
17,1,0.646696035,,,
18,1,0.666958042,,,
19,1,0.656703672,,,
20,1,0.643404255,,,
21,1,0.639032815,,,
22,1,0.649956785,,,
23,1,0.650673401,,,
24,1,0.652439024,,,
25,1,0.656641604,,,
26,1,0.639789658,,,
27,1,0.652914798,,,
28,1,0.643668122,,,
29,1,0.632933105,,,
30,1,0.657367044,,,
31,1,0.632390746,,,
32,1,0.653713299,,,
33,1,0.664618086,,,
34,1,0.655623365,,,
35,1,0.641573995,,,
36,1,0.6565911,,,
37,1,0.679755672,,,
38,1,0.646114865,,,
39,1,0.666958808,,,
40,1,0.639655172,,,
41,1,0.646958012,,,
42,1,0.645904437,,,
43,1,0.669877408,,,
44,1,0.653686827,,,
45,1,0.643859649,,,
46,1,0.647595357,,,
47,1,0.65060241,,,
48,1,0.665221162,,,
49,1,0.634826712,,,
50,1,0.654362416,,,
51,1,0.63884007,,,
52,1,0.644230769,,,
53,1,0.629333333,,,
54,1,0.625109745,,,
55,1,0.666377816,,,
56,1,0.626798561,,,
57,1,0.664965986,,,
58,1,0.626631854,,,
59,1,0.6432247,,,
60,1,0.652777778,,,
61,1,0.63872083,,,
62,1,0.646757679,,,
63,1,0.629820051,,,
64,1,0.646958012,,,
65,1,0.637566138,,,
66,1,0.659574468,,,
67,1,0.652364273,,,
68,1,0.64137931,,,
69,1,0.64978903,,,
70,1,0.636120996,,,
71,1,0.642372881,,,
72,1,0.653253425,,,
73,1,0.655319149,,,
74,1,0.632707775,,,
75,1,0.63872083,,,
76,1,0.664285714,,,
77,1,0.641275465,,,
78,1,0.636127917,,,
79,1,0.664069264,,,
80,1,0.655640373,,,
81,1,0.655793991,,,
82,1,0.643965517,,,
83,1,0.666956522,,,
84,1,0.649484536,,,
85,1,0.641828959,,,
86,1,0.653813196,,,
87,1,0.639794168,,,
88,1,0.646341463,,,
89,1,0.647325476,,,
90,1,0.642919201,,,
91,1,0.634124088,,,
92,1,0.641542507,,,
93,1,0.657093124,,,
94,1,0.644915254,,,
95,1,0.641427328,,,
96,1,0.648424544,,,
97,1,0.648626145,,,
98,1,0.642006803,,,
99,1,0.653482373,,,
Mean,1,0.647765504,,,
Median,1,0.646958012,,,
Standard Dev.,0,0.011032993,,,
-,-,-,-,,
Project #465203:,,,,,
Spearman - ,,,,,
,Commits,Failures,Betweenness Centrality,Closeness Centrality,Degree Centrality
Commits,1,0.712431679,0.340187687,-0.082289038,0.77991038
Failures,0.712431679,1,0.240523047,-0.006118799,0.588867163
Betweenness Centrality,0.340187687,0.240523047,1,0.632184722,0.711599531
Closeness Centrality,-0.082289038,-0.006118799,0.632184722,1,0.449129852
Degree Centrality,0.77991038,0.588867163,0.711599531,0.449129852,1
,Commits,Failures,Betweenness Centrality,Closeness Centrality,Degree Centrality
Commits,0,1,1,1,1
Failures,1,0,1,1,0
Betweenness Centrality,1,1,0,1,1
Closeness Centrality,1,1,1,0,1
Degree Centrality,1,0,1,1,0
Precision & Recall - ,,,,,
Threshold,0.25,,,,
0,1,0.505607021,,,
1,1,0.506274131,,,
2,1,0.510607522,,,
3,1,0.516755707,,,
4,1,0.512042389,,,
5,1,0.514990329,,,
6,1,0.515224746,,,
7,1,0.524889108,,,
8,1,0.505597015,,,
9,1,0.512218495,,,
10,1,0.51572327,,,
11,1,0.518363552,,,
12,1,0.513539652,,,
13,1,0.504072832,,,
14,1,0.522200772,,,
15,1,0.512673362,,,
16,1,0.522452921,,,
17,1,0.505808325,,,
18,1,0.52841185,,,
19,1,0.503317536,,,
20,1,0.510959571,,,
21,1,0.524685382,,,
22,1,0.514544588,,,
23,1,0.521327014,,,
24,1,0.509587728,,,
25,1,0.511538462,,,
26,1,0.519714964,,,
27,1,0.525332022,,,
28,1,0.510731707,,,
29,1,0.515557683,,,
30,1,0.524066798,,,
31,1,0.522286822,,,
32,1,0.504551989,,,
33,1,0.519845111,,,
34,1,0.517578125,,,
35,1,0.491674376,,,
36,1,0.531976744,,,
37,1,0.49735195,,,
38,1,0.503663898,,,
39,1,0.509775171,,,
40,1,0.520763723,,,
41,1,0.519736842,,,
42,1,0.507225434,,,
43,1,0.517539644,,,
44,1,0.521557719,,,
45,1,0.511764706,,,
46,1,0.500483559,,,
47,1,0.510223953,,,
48,1,0.521338506,,,
49,1,0.512457255,,,
50,1,0.509117083,,,
51,1,0.507377439,,,
52,1,0.512553292,,,
53,1,0.502209131,,,
54,1,0.522174535,,,
55,1,0.507890961,,,
56,1,0.520175012,,,
57,1,0.518447532,,,
58,1,0.508632758,,,
59,1,0.522651407,,,
60,1,0.508425614,,,
61,1,0.499527856,,,
62,1,0.506685769,,,
63,1,0.514889529,,,
64,1,0.511661114,,,
65,1,0.519036145,,,
66,1,0.528571429,,,
67,1,0.503371869,,,
68,1,0.519334312,,,
69,1,0.514734774,,,
70,1,0.514705882,,,
71,1,0.517716535,,,
72,1,0.520963855,,,
73,1,0.5,,,
74,1,0.525925926,,,
75,1,0.501463415,,,
76,1,0.50164551,,,
77,1,0.504911591,,,
78,1,0.522249389,,,
79,1,0.506653524,,,
80,1,0.521250611,,,
81,1,0.513796384,,,
82,1,0.525787966,,,
83,1,0.513788099,,,
84,1,0.512183693,,,
85,1,0.52159309,,,
86,1,0.514142336,,,
87,1,0.521085797,,,
88,1,0.50933461,,,
89,1,0.508064516,,,
90,1,0.506963788,,,
91,1,0.511417697,,,
92,1,0.495794393,,,
93,1,0.506372549,,,
94,1,0.517916866,,,
95,1,0.507663725,,,
96,1,0.511067388,,,
97,1,0.511916111,,,
98,1,0.515944788,,,
99,1,0.514958313,,,
Mean,1,0.513353579,,,
Median,1,0.513106507,,,
Standard Dev.,0,0.007954467,,,
-,-,-,-,,
Project #500437:,,,,,
Spearman - ,,,,,
,Commits,Failures,Betweenness Centrality,Closeness Centrality,Degree Centrality
Commits,1,0.764083168,0.131075413,0.006007598,0.732655751
Failures,0.764083168,1,-0.087839756,-0.059959104,0.326253611
Betweenness Centrality,0.131075413,-0.087839756,1,0.677200753,0.536741547
Closeness Centrality,0.006007598,-0.059959104,0.677200753,1,0.302025788
Degree Centrality,0.732655751,0.326253611,0.536741547,0.302025788,1
,Commits,Failures,Betweenness Centrality,Closeness Centrality,Degree Centrality
Commits,0,1,1,1,1
Failures,1,0,1,1,1
Betweenness Centrality,1,1,0,1,1
Closeness Centrality,1,1,1,0,1
Degree Centrality,1,1,1,1,0
Precision & Recall - ,,,,,
Threshold,0.25,,,,
0,1,0.543358946,,,
1,1,0.532934132,,,
2,1,0.546637744,,,
3,1,0.529379462,,,
4,1,0.527937337,,,
5,1,0.528494624,,,
6,1,0.521149675,,,
7,1,0.539289559,,,
8,1,0.542490647,,,
9,1,0.551411827,,,
10,1,0.543793659,,,
11,1,0.530120482,,,
12,1,0.534417344,,,
13,1,0.53133515,,,
14,1,0.536653609,,,
15,1,0.527659574,,,
16,1,0.540793826,,,
17,1,0.526286663,,,
18,1,0.532854776,,,
19,1,0.527777778,,,
20,1,0.544861338,,,
21,1,0.530054645,,,
22,1,0.53948095,,,
23,1,0.537663755,,,
24,1,0.537610619,,,
25,1,0.54620462,,,
26,1,0.53622393,,,
27,1,0.54095657,,,
28,1,0.545758929,,,
29,1,0.533926585,,,
30,1,0.537646403,,,
31,1,0.548491379,,,
32,1,0.542168675,,,
33,1,0.543850267,,,
34,1,0.541506322,,,
35,1,0.527119537,,,
36,1,0.533049041,,,
37,1,0.522043011,,,
38,1,0.539430449,,,
39,1,0.529443839,,,
40,1,0.532412327,,,
41,1,0.533333333,,,
42,1,0.534351145,,,
43,1,0.545066667,,,
44,1,0.531733333,,,
45,1,0.539673913,,,
46,1,0.535242291,,,
47,1,0.529510022,,,
48,1,0.526887561,,,
49,1,0.536777092,,,
50,1,0.525041277,,,
51,1,0.528767123,,,
52,1,0.545602606,,,
53,1,0.541484716,,,
54,1,0.536675462,,,
55,1,0.548297041,,,
56,1,0.544175577,,,
57,1,0.52987158,,,
58,1,0.536263736,,,
59,1,0.537280702,,,
60,1,0.525586354,,,
61,1,0.524422974,,,
62,1,0.534194938,,,
63,1,0.539103233,,,
64,1,0.533507853,,,
65,1,0.522915516,,,
66,1,0.545504688,,,
67,1,0.536127965,,,
68,1,0.534011784,,,
69,1,0.531494014,,,
70,1,0.523679913,,,
71,1,0.538879826,,,
72,1,0.537870472,,,
73,1,0.535271944,,,
74,1,0.526546251,,,
75,1,0.537272225,,,
76,1,0.52722372,,,
77,1,0.5328911,,,
78,1,0.519821329,,,
79,1,0.548530227,,,
80,1,0.517167382,,,
81,1,0.545404513,,,
82,1,0.543209877,,,
83,1,0.554307116,,,
84,1,0.530328325,,,
85,1,0.527508091,,,
86,1,0.551351351,,,
87,1,0.528595225,,,
88,1,0.540793826,,,
89,1,0.552832244,,,
90,1,0.528710726,,,
91,1,0.542299349,,,
92,1,0.520533333,,,
93,1,0.533405758,,,
94,1,0.539911308,,,
95,1,0.530795073,,,
96,1,0.532620922,,,
97,1,0.537904125,,,
98,1,0.545112782,,,
99,1,0.534921494,,,
Mean,1,0.535632843,,,
Median,1,0.535257117,,,
Standard Dev.,0,0.008005291,,,
-,-,-,-,,
Project #8877255:,,,,,
Spearman - ,,,,,
,Commits,Failures,Betweenness Centrality,Closeness Centrality,Degree Centrality
Commits,1,0.927522759,0.807027099,0.874198745,0.970233705
Failures,0.927522759,1,0.776533675,0.818222286,0.928476776
Betweenness Centrality,0.807027099,0.776533675,1,0.902207891,0.871738845
Closeness Centrality,0.874198745,0.818222286,0.902207891,1,0.931618338
Degree Centrality,0.970233705,0.928476776,0.871738845,0.931618338,1
,Commits,Failures,Betweenness Centrality,Closeness Centrality,Degree Centrality
Commits,0,1,1,1,1
Failures,1,0,1,1,1
Betweenness Centrality,1,1,0,1,1
Closeness Centrality,1,1,1,0,1
Degree Centrality,1,1,1,1,0
Precision & Recall - ,,,,,
Threshold,0.25,,,,
0,0.996721311,0.515254237,,,
1,0.982608696,0.545016077,,,
2,1,0.476439791,,,
3,1,0.517706577,,,
4,1,0.493031359,,,
5,1,0.504409171,,,
6,1,0.510708402,,,
7,0.980645161,0.535211268,,,
8,1,0.524590164,,,
9,0.729124236,0.806306306,,,
10,1,0.516891892,,,
11,1,0.514760148,,,
12,1,0.512776831,,,
13,1,0.518771331,,,
14,1,0.526315789,,,
15,1,0.504807692,,,
16,1,0.529209622,,,
17,1,0.50877193,,,
18,1,0.506779661,,,
19,0.870813397,0.658227848,,,
20,0.977491961,0.567164179,,,
21,1,0.508389262,,,
22,1,0.506044905,,,
23,1,0.495543672,,,
24,1,0.522801303,,,
25,1,0.521150592,,,
26,0.996563574,0.519713262,,,
27,0.981072555,0.548500882,,,
28,1,0.505376344,,,
29,1,0.507563025,,,
30,1,0.510708402,,,
31,1,0.5,,,
32,1,0.523178808,,,
33,1,0.495033113,,,
34,1,0.502564103,,,
35,1,0.51384083,,,
36,1,0.500878735,,,
37,0.879093199,0.651119403,,,
38,0.98089172,0.554954955,,,
39,1,0.507117438,,,
40,1,0.511111111,,,
41,1,0.496575342,,,
42,1,0.497131931,,,
43,1,0.509933775,,,
44,1,0.513422819,,,
45,1,0.515463918,,,
46,1,0.505102041,,,
47,1,0.490725126,,,
48,1,0.478333333,,,
49,0.905405405,0.580589255,,,
50,1,0.517421603,,,
51,1,0.508196721,,,
52,0.673704415,0.847826087,,,
53,0.875,0.665346535,,,
54,0.727822581,0.802222222,,,
55,1,0.506849315,,,
56,1,0.482632541,,,
57,1,0.519855596,,,
58,0.746421268,0.718503937,,,
59,1,0.513745704,,,
60,1,0.474820144,,,
61,1,0.510204082,,,
62,1,0.488372093,,,
63,1,0.513377926,,,
64,1,0.528596187,,,
65,1,0.489130435,,,
66,1,0.506493506,,,
67,1,0.496655518,,,
68,1,0.497470489,,,
69,1,0.5,,,
70,1,0.489690722,,,
71,1,0.51461039,,,
72,1,0.515570934,,,
73,1,0.497382199,,,
74,1,0.517470882,,,
75,1,0.524451939,,,
76,1,0.495726496,,,
77,1,0.504187605,,,
78,1,0.514003295,,,
79,0.983388704,0.515679443,,,
80,1,0.505882353,,,
81,0.930666667,0.594548552,,,
82,1,0.5,,,
83,0.72392638,0.766233766,,,
84,1,0.512323944,,,
85,1,0.497592295,,,
86,1,0.52195122,,,
87,1,0.490725126,,,
88,1,0.519163763,,,
89,0.892183288,0.60511883,,,
90,1,0.512998267,,,
91,0.996688742,0.52530541,,,
92,1,0.484745763,,,
93,1,0.503496503,,,
94,0.962643678,0.562080537,,,
95,0.996721311,0.515254237,,,
96,1,0.477558348,,,
97,1,0.52339688,,,
98,1,0.512068966,,,
99,0.728395062,0.793721973,,,
Mean,0.975179933,0.533866792,,,
Median,1,0.512887549,,,
Standard Dev.,0.06981524,0.073326067,,,
-,-,-,-,,
Project #9263633:,,,,,
Spearman - ,,,,,
,Commits,Failures,Betweenness Centrality,Closeness Centrality,Degree Centrality
Commits,1,0.719933028,0.196523519,0.058336245,0.851719577
Failures,0.719933028,1,0.167701264,0.026942481,0.633514376
Betweenness Centrality,0.196523519,0.167701264,1,0.782345807,0.52123491
Closeness Centrality,0.058336245,0.026942481,0.782345807,1,0.350775233
Degree Centrality,0.851719577,0.633514376,0.52123491,0.350775233,1
,Commits,Failures,Betweenness Centrality,Closeness Centrality,Degree Centrality
Commits,0,1,1,1,1
Failures,1,0,1,1,1
Betweenness Centrality,1,1,0,1,1
Closeness Centrality,1,1,1,0,1
Degree Centrality,1,1,1,1,0
Precision & Recall - ,,,,,
Threshold,0.25,,,,
0,1,0.495937962,,,
1,1,0.514060742,,,
2,1,0.502255639,,,
3,1,0.506833713,,,
4,1,0.514406454,,,
5,1,0.49684835,,,
6,1,0.509266123,,,
7,1,0.491189427,,,
8,1,0.51163678,,,
9,1,0.485939258,,,
10,1,0.493511309,,,
11,1,0.49524534,,,
12,1,0.503723008,,,
13,1,0.513187641,,,
14,1,0.508836524,,,
15,1,0.498495109,,,
16,1,0.499244713,,,
17,1,0.505001853,,,
18,1,0.506266616,,,
19,1,0.499263623,,,
20,1,0.499438413,,,
21,1,0.495990836,,,
22,1,0.497358491,,,
23,1,0.51463505,,,
24,1,0.491462509,,,
25,1,0.494941926,,,
26,1,0.512412004,,,
27,1,0.498660543,,,
28,1,0.492792109,,,
29,1,0.485130112,,,
30,1,0.502609993,,,
31,1,0.5082397,,,
32,1,0.504987071,,,
33,1,0.494440326,,,
34,1,0.49981502,,,
35,1,0.498128743,,,
36,1,0.499627976,,,
37,1,0.500558243,,,
38,1,0.506839187,,,
39,1,0.489757914,,,
40,1,0.495804729,,,
41,1,0.500376506,,,
42,1,0.507558579,,,
43,1,0.500747943,,,
44,1,0.510126099,,,
45,1,0.497413156,,,
46,1,0.501490313,,,
47,1,0.492989769,,,
48,1,0.497426471,,,
49,1,0.507754801,,,
50,1,0.505106049,,,
51,1,0.493685419,,,
52,1,0.499045437,,,
53,1,0.497017151,,,
54,1,0.501274117,,,
55,1,0.507989595,,,
56,1,0.504634779,,,
57,1,0.523774419,,,
58,1,0.492081031,,,
59,1,0.490063742,,,
60,1,0.502584934,,,
61,1,0.510559466,,,
62,1,0.501143293,,,
63,1,0.507473842,,,
64,1,0.505716463,,,
65,1,0.498899486,,,
66,1,0.486210805,,,
67,1,0.497959184,,,
68,1,0.513544018,,,
69,1,0.489200455,,,
70,1,0.514792899,,,
71,1,0.504464286,,,
72,1,0.513533835,,,
73,1,0.496226415,,,
74,1,0.504818384,,,
75,1,0.503942922,,,
76,1,0.504567044,,,
77,1,0.509715994,,,
78,1,0.492364991,,,
79,1,0.486556169,,,
80,1,0.50859861,,,
81,1,0.496564885,,,
82,1,0.508076358,,,
83,1,0.495916852,,,
84,1,0.492358079,,,
85,1,0.505440901,,,
86,1,0.507042254,,,
87,1,0.49702381,,,
88,1,0.498287019,,,
89,1,0.506885998,,,
90,1,0.506676841,,,
91,1,0.495116454,,,
92,1,0.503037206,,,
93,1,0.495545657,,,
94,1,0.499274837,,,
95,1,0.506532288,,,
96,1,0.493913685,,,
97,1,0.50584685,,,
98,1,0.509009009,,,
99,1,0.495156483,,,
Mean,1,0.501359154,,,
Median,1,0.500653093,,,
Standard Dev.,0,0.007554936,,,
-,-,-,-,,
Project #940538:,,,,,
Spearman - ,,,,,
,Commits,Failures,Betweenness Centrality,Closeness Centrality,Degree Centrality
Commits,1,0.845403602,0.633452884,-0.205915708,0.929484636
Failures,0.845403602,1,0.58934753,-0.024703384,0.869358775
Betweenness Centrality,0.633452884,0.58934753,1,0.120099932,0.765012407
Closeness Centrality,-0.205915708,-0.024703384,0.120099932,1,-0.035359304
Degree Centrality,0.929484636,0.869358775,0.765012407,-0.035359304,1
,Commits,Failures,Betweenness Centrality,Closeness Centrality,Degree Centrality
Commits,0,1,1,1,1
Failures,1,0,1,1,1
Betweenness Centrality,1,1,0,1,1
Closeness Centrality,1,1,1,0,1
Degree Centrality,1,1,1,1,0
Precision & Recall - ,,,,,
Threshold,0.25,,,,
0,1,0.492988134,,,
1,1,0.502444324,,,
2,1,0.506273868,,,
3,1,0.5,,,
4,1,0.501058201,,,
5,1,0.502107482,,,
6,1,0.494034707,,,
7,1,0.508319914,,,
8,1,0.495533368,,,
9,1,0.515868436,,,
10,1,0.501343364,,,
11,1,0.501833421,,,
12,1,0.508465319,,,
13,1,0.512077295,,,
14,1,0.497787611,,,
15,1,0.511182109,,,
16,1,0.519396552,,,
17,1,0.498901099,,,
18,1,0.491076257,,,
19,1,0.502997275,,,
20,1,0.506767731,,,
21,1,0.491285403,,,
22,1,0.508401084,,,
23,1,0.504817987,,,
24,1,0.499479709,,,
25,1,0.510160428,,,
26,1,0.506593407,,,
27,1,0.51595457,,,
28,1,0.504912664,,,
29,1,0.503225806,,,
30,1,0.493677555,,,
31,1,0.494577007,,,
32,1,0.510193133,,,
33,1,0.516657853,,,
34,1,0.518176886,,,
35,1,0.501070664,,,
36,1,0.503020319,,,
37,1,0.490606549,,,
38,1,0.485452586,,,
39,1,0.510696654,,,
40,1,0.504411002,,,
41,1,0.4823219,,,
42,1,0.502747253,,,
43,1,0.494505495,,,
44,1,0.500546448,,,
45,1,0.510673235,,,
46,1,0.516580311,,,
47,1,0.512890839,,,
48,1,0.49943757,,,
49,1,0.493766938,,,
50,1,0.51364366,,,
51,1,0.498392283,,,
52,1,0.517634292,,,
53,1,0.501588983,,,
54,1,0.519522777,,,
55,1,0.511278195,,,
56,1,0.506688068,,,
57,1,0.492927095,,,
58,1,0.49974026,,,
59,1,0.504250797,,,
60,1,0.511052632,,,
61,1,0.517689906,,,
62,1,0.500276396,,,
63,1,0.496721311,,,
64,1,0.490755415,,,
65,1,0.498907104,,,
66,1,0.506756757,,,
67,1,0.507559395,,,
68,1,0.5075956,,,
69,1,0.5,,,
70,1,0.497632825,,,
71,1,0.510827318,,,
72,1,0.514527205,,,
73,1,0.493513514,,,
74,1,0.508205689,,,
75,1,0.494553377,,,
76,1,0.501086957,,,
77,1,0.506451613,,,
78,1,0.512103281,,,
79,1,0.499449339,,,
80,1,0.502423263,,,
81,1,0.493492408,,,
82,1,0.499194847,,,
83,1,0.502111932,,,
84,1,0.5,,,
85,1,0.508401084,,,
86,1,0.502166847,,,
87,1,0.509783184,,,
88,1,0.502914679,,,
89,1,0.498930481,,,
90,1,0.513756317,,,
91,1,0.504158004,,,
92,1,0.497809419,,,
93,1,0.504823151,,,
94,1,0.494173729,,,
95,1,0.495656895,,,
96,1,0.511227154,,,
97,1,0.511565358,,,
98,1,0.510520487,,,
99,1,0.507833603,,,
Mean,1,0.503695726,,,
Median,1,0.502955977,,,
Standard Dev.,0,0.007902963,,,
-,-,-,-,,
Project #9893769:,,,,,
Spearman - ,,,,,
,Commits,Failures,Betweenness Centrality,Closeness Centrality,Degree Centrality
Commits,1,0.934529334,0.7753885,0.70070813,0.970929992
Failures,0.934529334,1,0.769740762,0.652147937,0.927308709
Betweenness Centrality,0.7753885,0.769740762,1,0.838955756,0.842617487
Closeness Centrality,0.70070813,0.652147937,0.838955756,1,0.770994614
Degree Centrality,0.970929992,0.927308709,0.842617487,0.770994614,1
,Commits,Failures,Betweenness Centrality,Closeness Centrality,Degree Centrality
Commits,0,1,1,1,1
Failures,1,0,1,1,1
Betweenness Centrality,1,1,0,1,1
Closeness Centrality,1,1,1,0,1
Degree Centrality,1,1,1,1,0
Precision & Recall - ,,,,,
Threshold,0.25,,,,
0,1,0.509966777,,,
1,1,0.521294719,,,
2,1,0.49220104,,,
3,1,0.495145631,,,
4,1,0.530821918,,,
5,1,0.491496599,,,
6,1,0.467874794,,,
7,1,0.506644518,,,
8,1,0.507512521,,,
9,1,0.507908612,,,
10,1,0.505136986,,,
11,1,0.481228669,,,
12,1,0.482112436,,,
13,1,0.51907131,,,
14,1,0.482638889,,,
15,1,0.5008,,,
16,1,0.49737303,,,
17,1,0.509121061,,,
18,1,0.5,,,
19,1,0.493870403,,,
20,1,0.509466437,,,
21,1,0.490725126,,,
22,1,0.472789116,,,
23,1,0.496610169,,,
24,1,0.514900662,,,
25,1,0.501730104,,,
26,1,0.509981851,,,
27,1,0.495934959,,,
28,1,0.529824561,,,
29,1,0.519298246,,,
30,1,0.515358362,,,
31,1,0.519591141,,,
32,1,0.46557377,,,
33,1,0.509769094,,,
34,1,0.515358362,,,
35,1,0.518388792,,,
36,1,0.493055556,,,
37,1,0.502521008,,,
38,1,0.519458545,,,
39,1,0.486062718,,,
40,1,0.523978686,,,
41,1,0.513651877,,,
42,1,0.515625,,,
43,1,0.520477816,,,
44,1,0.501865672,,,
45,1,0.528571429,,,
46,1,0.487001733,,,
47,1,0.529886914,,,
48,1,0.520761246,,,
49,1,0.491909385,,,
50,1,0.526226734,,,
51,1,0.494983278,,,
52,1,0.486440678,,,
53,1,0.518584071,,,
54,1,0.488486842,,,
55,1,0.526578073,,,
56,1,0.520525452,,,
57,1,0.511824324,,,
58,1,0.511290323,,,
59,1,0.485568761,,,
60,1,0.493377483,,,
61,1,0.512027491,,,
62,1,0.515358362,,,
63,1,0.473856209,,,
64,1,0.506557377,,,
65,1,0.511545293,,,
66,1,0.505119454,,,
67,1,0.504244482,,,
68,1,0.511304348,,,
69,1,0.527597403,,,
70,1,0.510600707,,,
71,1,0.492935636,,,
72,1,0.491749175,,,
73,1,0.511754069,,,
74,1,0.495867769,,,
75,1,0.504918033,,,
76,1,0.472789116,,,
77,1,0.495840266,,,
78,1,0.486013986,,,
79,1,0.534686971,,,
80,1,0.498275862,,,
81,1,0.511265165,,,
82,1,0.491833031,,,
83,1,0.495826377,,,
84,1,0.517529215,,,
85,1,0.503267974,,,
86,1,0.51650165,,,
87,1,0.491987179,,,
88,1,0.486865149,,,
89,1,0.51092437,,,
90,1,0.531456954,,,
91,1,0.497444634,,,
92,1,0.528145695,,,
93,1,0.487135506,,,
94,1,0.508333333,,,
95,1,0.498275862,,,
96,1,0.513289037,,,
97,1,0.496721311,,,
98,1,0.507017544,,,
99,1,0.506711409,,,
Mean,1,0.504498077,,,
Median,1,0.506600948,,,
Standard Dev.,0,0.015238694,,,
-,-,-,-,,
Summary,Average:,,,,
,Commits,Failures,Betweenness Centrality,Closeness Centrality,Degree Centrality
Commits,1,0.810654674,0.507378172,0.172519049,0.852405241
Failures,0.808457998,1,0.452565024,0.213407022,0.750000909
Betweenness Centrality,0.488533526,0.452565024,1,0.626881698,0.722532127
Closeness Centrality,0.157745996,0.213407022,0.626881698,1,0.45922593
Degree Centrality,0.851424727,0.750000909,0.722532127,0.45922593,1
Summary,Median:,,,,
,Commits,Failures,Betweenness Centrality,Closeness Centrality,Degree Centrality
Commits,1,0.845403602,0.576504702,0.118674665,0.896878175
Failures,0.845403602,1,0.534855253,0.137156682,0.772077864
Betweenness Centrality,0.498994904,0.534855253,1,0.677200753,0.755832746
Closeness Centrality,0.118674665,0.137156682,0.677200753,1,0.449129852
Degree Centrality,0.896878175,0.772077864,0.755832746,0.449129852,1
Summary,Precision,Recall,,,
Total Average:,0.964715223,0.58828819,,,
Total Median,1,0.521150592,,,
Total Standard Deviation:,0.10337043,0.138070249,,,
